,slope,intercept,R2,p_value,std_error
Resultant,-1.4701,3.5583,0.7075,0.0,0.067178
Vertical,-1.4691,3.3209,0.7103,0.0,0.066676
Longitudinal,-1.4739,3.3251,0.7089,0.0,0.067125
Transverse,-1.4696,3.3191,0.7079,0.0,0.067089
